m,n,k,empirical_fp,theoretical_fp,theoretical_kstar
1000,500,1,0.392042,0.393469,1
1000,500,2,0.405202,0.399576,1
1000,500,3,0.464974,0.468862,1
1000,500,4,0.536456,0.558973,1
1000,500,5,0.633326,0.651647,1
1000,500,6,0.688318,0.736081,1
1000,500,7,0.768054,0.806833,1
1000,500,8,0.828892,0.862532,1
1000,500,9,0.872524,0.904349,1
1000,500,10,0.903956,0.934627,1
